﻿<?xml version="1.0" encoding="UTF-8"?>
<MetaDataObject xmlns="http://v8.1c.ru/8.3/MDClasses" xmlns:app="http://v8.1c.ru/8.2/managed-application/core" xmlns:cfg="http://v8.1c.ru/8.1/data/enterprise/current-config" xmlns:cmi="http://v8.1c.ru/8.2/managed-application/cmi" xmlns:ent="http://v8.1c.ru/8.1/data/enterprise" xmlns:lf="http://v8.1c.ru/8.2/managed-application/logform" xmlns:style="http://v8.1c.ru/8.1/data/ui/style" xmlns:sys="http://v8.1c.ru/8.1/data/ui/fonts/system" xmlns:v8="http://v8.1c.ru/8.1/data/core" xmlns:v8ui="http://v8.1c.ru/8.1/data/ui" xmlns:web="http://v8.1c.ru/8.1/data/ui/colors/web" xmlns:win="http://v8.1c.ru/8.1/data/ui/colors/windows" xmlns:xen="http://v8.1c.ru/8.3/xcf/enums" xmlns:xpr="http://v8.1c.ru/8.3/xcf/predef" xmlns:xr="http://v8.1c.ru/8.3/xcf/readable" xmlns:xs="http://www.w3.org/2001/XMLSchema" xmlns:xsi="http://www.w3.org/2001/XMLSchema-instance" version="2.20">
	<Enum uuid="09b3b966-78f2-4f23-b3dc-b6d013050527">
		<InternalInfo>
			<xr:GeneratedType name="EnumRef.УчетнаяПолитика" category="Ref">
				<xr:TypeId>91c5b9f3-3be8-486c-b496-a65775fe7354</xr:TypeId>
				<xr:ValueId>9da2be63-6e2f-4870-8934-b717e7b9c60e</xr:ValueId>
			</xr:GeneratedType>
			<xr:GeneratedType name="EnumManager.УчетнаяПолитика" category="Manager">
				<xr:TypeId>a30660a7-0192-47fa-a4b3-8063e476b084</xr:TypeId>
				<xr:ValueId>383621ad-6b8b-4328-80cd-55bf057529b6</xr:ValueId>
			</xr:GeneratedType>
			<xr:GeneratedType name="EnumList.УчетнаяПолитика" category="List">
				<xr:TypeId>54d4d53b-cbc9-4d3b-830c-1a629e372aa1</xr:TypeId>
				<xr:ValueId>937de104-9b91-4455-ad6c-44f674ea8db9</xr:ValueId>
			</xr:GeneratedType>
		</InternalInfo>
		<Properties>
			<Name>УчетнаяПолитика</Name>
			<Synonym>
				<v8:item>
					<v8:lang>ru</v8:lang>
					<v8:content>Учетная политика</v8:content>
				</v8:item>
			</Synonym>
			<Comment/>
			<UseStandardCommands>false</UseStandardCommands>
			<Characteristics/>
			<QuickChoice>true</QuickChoice>
			<ChoiceMode>BothWays</ChoiceMode>
			<DefaultListForm/>
			<DefaultChoiceForm/>
			<AuxiliaryListForm/>
			<AuxiliaryChoiceForm/>
			<ListPresentation/>
			<ExtendedListPresentation/>
			<Explanation/>
			<ChoiceHistoryOnInput>Auto</ChoiceHistoryOnInput>
		</Properties>
		<ChildObjects>
			<EnumValue uuid="774b18c7-e83b-4a50-9d2e-d0f914ff51d6">
				<Properties>
					<Name>ЛИФО</Name>
					<Synonym>
						<v8:item>
							<v8:lang>ru</v8:lang>
							<v8:content>ЛИФО</v8:content>
						</v8:item>
					</Synonym>
					<Comment/>
				</Properties>
			</EnumValue>
			<EnumValue uuid="7c272860-737b-49e4-a744-5dd3f893995c">
				<Properties>
					<Name>ФИФО</Name>
					<Synonym>
						<v8:item>
							<v8:lang>ru</v8:lang>
							<v8:content>ФИФО</v8:content>
						</v8:item>
					</Synonym>
					<Comment/>
				</Properties>
			</EnumValue>
		</ChildObjects>
	</Enum>
</MetaDataObject>